"Genotype","BNI","BNI_SE"
"G001",70.5627013276485,2.2041897442679
"G002",46.3681740019634,2.19689574234007
"G003",61.4554058360646,2.26194488293216
"G004",59.9291377823245,2.30564987451276
"G005",58.0235249866489,2.24696468930376
"G006",50.1081691925447,2.21099059589206
"G007",74.7349995638519,2.2371407713924
"G008",55.1241193770712,2.19571115405862
"G009",76.1346107147494,2.33698796277083
"G010",56.0058046763422,2.22781372927683
"G011",71.3051918726579,2.20785648628437
"G012",78.0821736269509,2.19099485782278
"G013",37.5082861580988,2.19811551513633
"G014",49.6654058564907,2.24896512793917
"G015",52.3104429758691,2.23419333407882
"G016",58.9191752166639,2.23106426243985
"G017",52.7418219921451,2.19166117854303
"G018",22.6979592320532,2.19276114400695
"G019",27.0080671630611,2.22565775373196
"G020",70.558680617385,2.21829455244452
"G021",52.1762225543012,2.21769914708405
"G022",36.7244110846542,2.20490656102833
"G023",49.9330834376911,2.23351350706777
"G024",65.1621088015812,2.18847534397973
"G025",78.8498637291722,2.25055982493424
"G026",50.3671609255272,2.21106293964029
"G027",54.3478468377306,2.19745938538376
"G028",35.291733777679,2.22094101086267
"G029",58.9325909923493,2.30313940293095
"G030",46.8997400914113,2.24850480415542
"G031",58.8075508819514,2.20443098997825
"G032",63.973855023189,2.19550553417794
"G033",66.3956394504005,2.22711670333504
"G034",44.8072506894463,2.23216233573412
"G035",60.0540042336389,2.19795221266779
"G036",34.3123272663939,2.23267222290797
"G037",47.5598550429772,2.23039075646849
"G038",43.5311256890899,2.25726499024788
"G039",22.7625909181004,2.22089666330861
"G040",56.013291220648,2.20398599549693
"G041",55.2982643004683,2.19322353517801
"G042",51.4512692781953,2.23781752790301
"G043",61.8472359717934,2.21203748494341
"G044",48.5363619121075,2.19011701867965
"G045",38.5117719414458,2.18645514769313
"G046",59.3974195164361,2.2020288967911
"G047",43.9098436270148,2.22486072558416
"G048",71.0733580232533,2.22347665477199
"G049",48.552053411485,2.24875127173905
"G050",59.0228073608083,2.20332739599879
"G051",61.2220421498456,2.19819604008253
"G052",44.5797733599459,2.25330612141434
"G053",72.6957130794452,2.18972062882587
"G054",64.4840581619917,2.26763219470617
"G055",54.0521284487803,2.18831991003659
"G056",58.7520912565177,2.25174159021987
"G057",66.5855058133837,2.18684862380688
"G058",49.8873951184838,2.23716491975432
"G059",16.5800112620928,2.19342945394371
"G060",59.0496162182538,2.26486873290343
"G061",45.4066736677826,2.27229436805204
"G062",58.3854465065547,2.19058743229655
"G063",60.5567097519294,2.22980909117246
"G064",75.6750750794549,2.23776960113348
"G065",46.8433280851127,2.20651679008777
"G066",67.7537877189561,2.21689440639031
"G067",59.0379940305379,2.22729201648377
"G068",68.1425167711334,2.23458841850612
"G069",65.5626372224338,2.32656104896956
"G070",64.6363659683812,2.24438941295529
"G071",37.9755388117817,2.23095668962628
"G072",56.3933551738945,2.24379647039505
"G073",63.2707089518677,2.19625255880007
"G074",40.7787476478336,2.20742922512808
"G075",47.025779093153,2.25396405676686
"G076",61.290960744284,2.23421291329524
"G077",66.6140646676714,2.19565620869902
"G078",62.1550069288902,2.21219994200684
"G079",43.4758479624241,2.24483722933499
"G080",44.2508015906753,2.21098221651843
"G081",72.0207551134821,2.23105120660319
"G082",55.7466118717917,2.21158886237448
"G083",54.7870697264681,2.21037318685194
"G084",52.1482884754488,2.19487781914856
"G085",41.7180038630909,2.18706160697211
"G086",61.7456926875444,2.19887200251516
"G087",51.5978473281342,2.21156784403985
"G088",53.8838679859807,2.23843639372258
"G089",65.5355854546884,2.20730025096416
"G090",62.1782983705097,2.23858073546851
"G091",70.9014696838282,2.19144031714005
"G092",48.7089231010865,2.22697659798969
"G093",61.7637412745513,2.26113707684711
"G094",75.1120401799894,2.32821449571804
"G095",39.8026814883996,2.21645162953794
"G096",44.403052484877,2.23946721974414
"G097",38.6442668367452,2.26365367971054
"G098",38.3531490311042,2.26920392751129
"G099",55.1491109852824,2.19191177009924
"G100",67.9335963587626,2.19780954612487
"G101",68.3103731240045,2.24406345315536
"G102",64.8305858634177,2.3060867267741
"G103",41.5398858439876,2.31234665377725
"G104",78.5127854007387,2.20383477256042
"G105",48.3920580119078,2.21059008665982
"G106",55.5932492338868,2.27092803182032
"G107",51.4329324219702,2.27135848624117
"G108",54.9987008599576,2.23727398996086
"G109",56.4201535035862,2.18895958958814
"G110",52.5031604222587,2.27578042784611
"G111",50.101476905746,2.20625777120644
"G112",59.72200385793,2.26570232513169
"G113",47.8250310137304,2.20375249844681
"G114",44.9054512910206,2.22423643498598
"G115",34.0380113194898,2.20253541216952
"G116",51.935394449702,2.20636740381608
"G117",48.9229151197304,2.22529447647933
"G118",86.316529127189,2.23845005322836
"G119",40.0843960592696,2.24811325906832
"G120",55.4601256464457,2.19884646898869
"G121",35.9487304834594,2.18788336306228
"G122",37.755387869205,2.22730136418464
"G123",53.0330170226606,2.21256861867899
"G124",37.0811637171509,2.19527947405766
"G125",55.2009865057886,2.21084357063685
"G126",50.2141709579932,2.25410496310514
"G127",48.562854426857,2.22788717951516
"G128",31.6812624616413,2.19455673493168
"G129",36.8907213806863,2.27150387977553
"G130",58.0554656228317,2.2465622987488
"G131",59.6303942282825,2.23864135206128
"G132",51.7350941548196,2.19292677995899
"G133",54.0925565253032,2.22468099261109
"G134",69.3244548840456,2.28394785223769
"G135",70.8135172453351,2.25863495809375
"G136",39.1350619304885,2.29193990123266
"G137",55.8822459821501,2.21932276539115
"G138",70.242096125031,2.24174613942977
"G139",51.2015848375257,2.20311193142733
"G140",51.8847016668902,2.24886615318779
"G141",56.84915964854,2.19225173676519
"G142",47.533604558214,2.31218907045813
"G143",49.0236926451451,2.22510459468429
"G144",52.7620708643413,2.30100907870075
"G145",51.2314235606062,2.2074204111672
"G146",67.8909259967408,2.20815708496897
"G147",47.9992401515936,2.22097954235332
"G148",52.6722755396603,2.21857120136341
"G149",63.9613437714016,2.30761206745002
"G150",39.405364650351,2.21803629270194
"G151",53.5938696655726,2.19425567231921
"G152",36.8359526251087,2.19817484336592
"G153",67.803500675623,2.25181611123287
"G154",51.6271130534752,2.21480718423375
"G155",50.5232670336301,2.22353231635117
"G156",35.0301666606504,2.21988090702261
"G157",56.6653021385167,2.19207330834398
"G158",46.7682597496897,2.2281249387146
"G159",49.0865138760343,2.23488139434641
"G160",64.8443052585704,2.27607040298725
"G161",50.3355960474982,2.27985946729037
"G162",40.9854090625031,2.27334625142593
"G163",58.5376058435475,2.2285010260961
"G164",49.6859278780097,2.19540242082243
"G165",60.3482390945875,2.33659700708927
"G166",74.2721917832606,2.1943132870178
"G167",47.4317239523584,2.24530852253754
"G168",61.1249260173716,2.20590195563442
"G169",56.0939645593107,2.2465141751733
"G170",64.1485260886288,2.24872301151982
"G171",49.4207157876046,2.26455161622881
"G172",67.0338756885373,2.21808885379403
"G173",34.5026467172616,2.20869198420127
"G174",73.9973594825398,2.40792863597053
"G175",69.123836779614,2.25001239168607
"G176",48.3576199061114,2.19683784138507
"G177",37.797680123708,2.18916176113694
"G178",65.8682980040443,2.24453214669499
"G179",59.5810584474645,2.23788288128161
"G180",51.6609032806514,2.20192264339626
"G181",56.7227967463424,2.23782641599088
"G182",45.5907439169225,2.21277026871539
"G183",60.4220219730754,2.33615412940411
"G184",58.3376011633391,2.22941794529169
"G185",51.3005747913649,2.22101825590731
"G186",37.8126296611638,2.28993722391802
"G187",62.2573191938686,2.20520194588327
"G188",63.9041233940961,2.19251572925793
"G189",40.8592687463765,2.23842302034368
"G190",37.9152665632271,2.2273884754559
"G191",54.7719975084578,2.19189487427703
"G192",55.4107217459207,2.26328099053297
"G193",59.5449725830036,2.24567005841142
"G194",41.623090167752,2.20419233675521
"G195",41.3045217375095,2.24230468880838
"G196",66.1215539668587,2.21933782502184
"G197",59.9111359063795,2.20228228187328
"G198",65.1769475064647,2.22056145248745
"G199",72.9063324769061,2.20856394682682
"G200",57.7177557917764,2.21622953954087
"G201",33.1265300682104,2.25028691144436
"G202",54.8694661211769,2.31563546484451
"G203",70.6027280864024,2.21949178301536
"G204",77.8402158148355,2.23957765225712
"G205",38.0057216848027,2.21065805521405
"G206",38.5975420773672,2.24813364935712
"G207",42.7523728424449,2.25396333371795
"G208",45.51450212433,2.1879820764421
"G209",43.3905533227138,2.19286275278334
"G210",51.5989149811915,2.18739284808131
"G211",42.5023541842302,2.19487302447232
"G212",79.6987536259478,2.23266178158451
"G213",54.7043540780759,2.21142401757446
"G214",54.2425061833389,2.22540967959403
"G215",60.0817731884285,2.19312017640568
"G216",55.2393139036277,2.2044640968727
"G217",54.3859823343714,2.23509047534346
"G218",71.6747723419395,2.22135530523036
"G219",52.505778442208,2.2101913455752
"G220",37.3655256135723,2.22906130109484
"G221",56.6186894307468,2.18974344937556
"G222",47.6750819487928,2.2330828422668
"G223",48.3460378242164,2.21671891689285
"G224",39.7771643538868,2.18875940076409
"G225",59.8019906580781,2.21476852040527
"G226",49.8094871879184,2.22019107848425
"G227",61.4374202432943,2.19244039153649
"G228",52.5158848522015,2.2054025469364
"G229",44.5723213075464,2.32004217089523
"G230",69.4914028846079,2.35167389487322
"G231",53.8461465019194,2.22884337705474
"G232",65.2632366148464,2.2062252122014
"G233",38.2248520259517,2.29913883155489
"G234",49.2867017262989,2.20058390342462
"G235",55.1797957003128,2.19198985025882
"G236",49.5506089839684,2.21546045497374
"G237",73.4519580864717,2.26302929653593
"G238",55.0535458098497,2.21795506225433
"G239",60.6568546307,2.22361243643143
"G240",42.8729283725391,2.18982809146707
