"Genotype","Row","Col","Bench","spatial_trend"
"G162",1,1,"Bench1",6.90118730506589
"G186",2,1,"Bench1",4.72979869332497
"G068",3,1,"Bench1",3.77971038170636
"G217",4,1,"Bench1",3.36510043941156
"G090",5,1,"Bench1",2.82528803380378
"G061",6,1,"Bench1",2.07783758996581
"G231",7,1,"Bench1",1.61855879069999
"G161",8,1,"Bench1",1.96840241697039
"G110",1,2,"Bench1",6.68325885395369
"G116",2,2,"Bench1",4.1328430587458
"G214",3,2,"Bench1",2.99807291050255
"G108",4,2,"Bench1",2.56024912277418
"G147",5,2,"Bench1",2.12612068667369
"G070",6,2,"Bench1",1.5877469772573
"G089",7,2,"Bench1",1.42249775352445
"G030",8,2,"Bench1",2.13319105203733
"G106",1,3,"Bench1",6.4718907539329
"G103",2,3,"Bench1",3.55240729003181
"G226",3,3,"Bench1",2.21947521960009
"G002",4,3,"Bench1",1.74054028390365
"G166",5,3,"Bench1",1.40806929866623
"G137",6,3,"Bench1",1.09001379214119
"G184",7,3,"Bench1",1.22981000511151
"G075",8,3,"Bench1",2.295915252818
"G134",1,4,"Bench1",6.27294788508801
"G031",2,4,"Bench1",2.99681582990434
"G197",3,4,"Bench1",1.44540494641602
"G142",4,4,"Bench1",0.899124521339886
"G192",5,4,"Bench1",0.661945060609127
"G047",6,4,"Bench1",0.579745112132359
"G193",7,4,"Bench1",1.04031126579365
"G169",8,4,"Bench1",2.4549913306934
"G138",1,5,"Bench1",6.08786092582881
"G049",2,5,"Bench1",2.47690251474483
"G204",3,5,"Bench1",0.685178426116862
"G022",4,5,"Bench1",0.0393979956271376
"G001",5,5,"Bench1",-0.112857001885519
"G121",6,5,"Bench1",0.0560613090195766
"G132",7,5,"Bench1",0.853866904384963
"G067",8,5,"Bench1",2.60914619940978
"G187",1,6,"Bench1",5.91470737490846
"G053",2,6,"Bench1",2.00538367817239
"G220",3,6,"Bench1",-0.0459784457444122
"G125",4,6,"Bench1",-0.827495121979047
"G059",5,6,"Bench1",-0.910446438748004
"G069",6,6,"Bench1",-0.478883635093505
"G170",7,6,"Bench1",0.67037089911648
"G190",8,6,"Bench1",2.7573308109346
"G148",1,7,"Bench1",5.74983152739321
"G240",2,7,"Bench1",1.59209541585273
"G087",3,7,"Bench1",-0.732476459075172
"G057",4,7,"Bench1",-1.68634655581755
"G212",5,7,"Bench1",-1.72049071910703
"G219",6,7,"Bench1",-1.02169267870409
"G027",7,7,"Bench1",0.487455950602978
"G174",8,7,"Bench1",2.89585016772029
"G185",1,8,"Bench1",5.58574645645596
"G003",2,8,"Bench1",1.24008151081468
"G095",3,8,"Bench1",-1.35822054572209
"G146",4,8,"Bench1",-2.51295783784152
"G208",5,8,"Bench1",-2.5227183524368
"G168",6,8,"Bench1",-1.56625690713984
"G084",7,8,"Bench1",0.297504849678725
"G199",8,8,"Bench1",3.01485540744222
"G101",1,9,"Bench1",5.41566262152364
"G157",2,9,"Bench1",0.952072160793
"G200",3,9,"Bench1",-1.90660560780742
"G179",4,9,"Bench1",-3.28135761563169
"G210",5,9,"Bench1",-3.29473270351007
"G076",6,9,"Bench1",-2.10520363022468
"G232",7,9,"Bench1",0.0928329274904993
"G119",8,9,"Bench1",3.10341838342529
"G107",1,10,"Bench1",5.24307225506393
"G054",2,10,"Bench1",0.736168777272727
"G189",3,10,"Bench1",-2.35738954142111
"G239",4,10,"Bench1",-3.96142044912011
"G080",5,10,"Bench1",-4.00817462057386
"G194",6,10,"Bench1",-2.62386004341364
"G156",7,10,"Bench1",-0.128642018152496
"G015",8,10,"Bench1",3.14888122804949
"G102",1,11,"Bench1",5.07651415326073
"G023",2,11,"Bench1",0.603004177791117
"G235",3,11,"Bench1",-2.6886889904927
"G083",4,11,"Bench1",-4.52111540573261
"G010",5,11,"Bench1",-4.63184842392465
"G141",6,11,"Bench1",-3.10399734371005
"G062",7,11,"Bench1",-0.366207406375275
"G160",8,11,"Bench1",3.13785284493907
"G206",1,12,"Bench1",4.92231138400354
"G011",2,12,"Bench1",0.556174979933383
"G109",3,12,"Bench1",-2.88746584285807
"G026",4,12,"Bench1",-4.93678313208578
"G074",5,12,"Bench1",-5.14088753991236
"G123",6,12,"Bench1",-3.53047762079645
"G079",7,12,"Bench1",-0.61783983149275
"G081",8,12,"Bench1",3.06380076679643
"G111",1,13,"Bench1",4.78338533209475
"G136",2,13,"Bench1",0.588620724873091
"G100",3,13,"Bench1",-2.95406247119479
"G091",4,13,"Bench1",-5.19743202089375
"G025",5,13,"Bench1",-5.52001752270406
"G024",6,13,"Bench1",-3.89287075009995
"G164",7,13,"Bench1",-0.87956565154959
"G229",8,13,"Bench1",2.93056199078345
"G016",1,14,"Bench1",4.66213427871246
"G183",2,14,"Bench1",0.68986968552773
"G056",3,14,"Bench1",-2.89383568206043
"G191",4,14,"Bench1",-5.29723998582426
"G085",5,14,"Bench1",-5.75770735537163
"G045",6,14,"Bench1",-4.18203918052888
"G209",7,14,"Bench1",-1.14647411134092
"G093",8,14,"Bench1",2.74364323431177
"G120",1,15,"Bench1",4.55973737627993
"G225",2,15,"Bench1",0.836650818123823
"G173",3,15,"Bench1",-2.73191811749884
"G131",4,15,"Bench1",-5.25124636728489
"G099",5,15,"Bench1",-5.85735623415168
"G042",6,15,"Bench1",-4.3934134440882
"G115",7,15,"Bench1",-1.40972714615509
"G098",8,15,"Bench1",2.51264814436652
"G039",1,16,"Bench1",4.47708909546899
"G052",2,16,"Bench1",1.00184678316856
"G202",3,16,"Bench1",-2.49959017257997
"G177",4,16,"Bench1",-5.08111884754481
"G043",5,16,"Bench1",-5.82714796809836
"G234",6,16,"Bench1",-4.52385422450927
"G149",7,16,"Bench1",-1.65918227094252
"G097",8,16,"Bench1",2.24841158783276
"G154",1,17,"Bench1",4.41739501235941
"G006",2,17,"Bench1",1.16288153362079
"G058",3,17,"Bench1",-2.22582967086387
"G159",4,17,"Bench1",-4.80938764367273
"G228",5,17,"Bench1",-5.6768222312752
"G041",6,17,"Bench1",-4.56992176963884
"G060",7,17,"Bench1",-1.8832330842295
"G230",8,17,"Bench1",1.9603161955958
"G082",1,18,"Bench1",4.38617058651606
"G118",2,18,"Bench1",1.30172241186251
"G033",3,18,"Bench1",-1.93730844694978
"G151",4,18,"Bench1",-4.45944223368115
"G105",5,18,"Bench1",-5.41767236122872
"G014",6,18,"Bench1",-4.52787513263602
"G221",7,18,"Bench1",-2.06880974109301
"G213",8,18,"Bench1",1.65629145107357
"G035",1,19,"Bench1",4.385482680129
"G028",2,19,"Bench1",1.40192013685895
"G113",3,19,"Bench1",-1.65799730903928
"G143",4,19,"Bench1",-4.05282346798204
"G180",5,19,"Bench1",-5.06007591294023
"G094",6,19,"Bench1",-4.3934387556381
"G008",7,19,"Bench1",-2.20276264655337
"G072",8,19,"Bench1",1.34313800128177
"G037",1,20,"Bench1",4.40616472159955
"G172",2,20,"Bench1",1.4514119025253
"G133",3,20,"Bench1",-1.40363508175129
"G224",4,20,"Bench1",-3.60510264336522
"G237",5,20,"Bench1",-4.61129798054912
"G150",6,20,"Bench1",-4.16068637178002
"G153",7,20,"Bench1",-2.27189117577939
"G233",8,20,"Bench1",1.02428346263372
"G238",1,21,"Bench1",4.4364616857972
"G223",2,21,"Bench1",1.44030205617433
"G086",3,21,"Bench1",-1.18729062853671
"G222",4,21,"Bench1",-3.13071224164136
"G155",5,21,"Bench1",-4.07886910576035
"G055",6,21,"Bench1",-3.82440787776622
"G048",7,21,"Bench1",-2.2637155487833
"G236",8,21,"Bench1",0.702310440748769
"G135",1,22,"Bench1",4.46014820888613
"G188",2,22,"Bench1",1.37436650842397
"G013",3,22,"Bench1",-1.00944669216378
"G018",4,22,"Bench1",-2.64455978524744
"G005",5,22,"Bench1",-3.4809145687481
"G215",6,22,"Bench1",-3.39194116825509
"G216",7,22,"Bench1",-2.17455803702589
"G020",8,22,"Bench1",0.377642966131197
"G195",1,23,"Bench1",4.45808878042863
"G128",2,23,"Bench1",1.26976467775811
"G207",3,23,"Bench1",-0.862235240610477
"G163",4,23,"Bench1",-2.16183171745167
"G077",5,23,"Bench1",-2.84255519392162
"G071",6,23,"Bench1",-2.87895917395352
"G073",7,23,"Bench1",-2.00662022425759
"G019",8,23,"Bench1",0.0492753900743469
"G050",1,24,"Bench1",4.41801343779739
"G078",2,24,"Bench1",1.14406584012745
"G145",3,24,"Bench1",-0.735028954350535
"G012",4,24,"Bench1",-1.69272726805233
"G096",5,24,"Bench1",-2.18646570282628
"G196",6,24,"Bench1",-2.30522728747001
"G032",7,24,"Bench1",-1.76954147773049
"G218",8,24,"Bench1",-0.283918008787257
"G034",1,25,"Bench1",4.3416361946505
"G040",2,25,"Bench1",1.01731469991743
"G152",3,25,"Bench1",-0.611923815535801
"G227",4,25,"Bench1",-1.23735375576821
"G007",5,25,"Bench1",-1.53012351391349
"G176",6,25,"Bench1",-1.69848323182264
"G122",7,25,"Bench1",-1.48778480006402
"G171",8,25,"Bench1",-0.623254098280667
"G088",1,26,"Bench1",4.23270725515346
"G051",2,26,"Bench1",0.909686671128015
"G167",3,26,"Bench1",-0.47626074216906
"G211",4,26,"Bench1",-0.793821988012029
"G124",5,26,"Bench1",-0.888989672748994
"G114",6,26,"Bench1",-1.08578527342629
"G182",7,26,"Bench1",-1.18625913778851
"G064",8,26,"Bench1",-0.969767216654055
"G165",1,27,"Bench1",4.09745304712943
"G205",2,27,"Bench1",0.840171920448699
"G017",3,27,"Bench1",-0.310540057003667
"G104",4,27,"Bench1",-0.354731031051903
"G044",5,27,"Bench1",-0.268703037728018
"G126",6,27,"Bench1",-0.482597587842979
"G203",7,27,"Bench1",-0.880395666986727
"G117",8,27,"Bench1",-1.32233215095697
"G181",1,28,"Bench1",3.94314355821643
"G065",2,28,"Bench1",0.826850602408976
"G158",3,28,"Bench1",-0.0972652740045919
"G175",4,28,"Bench1",0.089560913206019
"G036",5,28,"Bench1",0.329416363509073
"G046",6,28,"Bench1",0.100799226846214
"G021",7,28,"Bench1",-0.581381396367538
"G130",8,28,"Bench1",-1.67889419047919
"G029",1,29,"Bench1",3.77609955655164
"G092",2,29,"Bench1",0.871568036053525
"G178",3,29,"Bench1",0.166206068525312
"G140",4,29,"Bench1",0.543250770746666
"G139",5,29,"Bench1",0.907578686273396
"G129",6,29,"Bench1",0.661773174512757
"G127",7,29,"Bench1",-0.293875589276583
"G112",8,29,"Bench1",-2.03743800305976
"G009",1,30,"Bench1",3.60137861012275
"G063",2,30,"Bench1",0.95466196385558
"G198",3,30,"Bench1",0.46283382016951
"G066",4,30,"Bench1",1.00330899541438
"G004",5,30,"Bench1",1.47264940659921
"G201",6,30,"Bench1",1.20780028589432
"G038",7,30,"Bench1",-0.0139098193686724
"G144",8,30,"Bench1",-2.39600526119898
"G174",1,1,"Bench2",8.29615968021615
"G007",2,1,"Bench2",7.1411055504866
"G175",3,1,"Bench2",5.23227960199168
"G183",4,1,"Bench2",3.40648194956834
"G038",5,1,"Bench2",2.47657252974447
"G108",6,1,"Bench2",2.70478717793988
"G171",7,1,"Bench2",3.80273762846627
"G202",8,1,"Bench2",5.45809543732632
"G094",1,2,"Bench2",8.1901592364998
"G049",2,2,"Bench2",6.73308390700408
"G025",3,2,"Bench2",4.70762469297856
"G074",4,2,"Bench2",2.83984896069417
"G158",5,2,"Bench2",1.83711319621936
"G155",6,2,"Bench2",1.97642364096631
"G147",7,2,"Bench2",3.10443629169096
"G170",8,2,"Bench2",5.04909626494678
"G061",1,3,"Bench2",8.0821856853054
"G201",2,3,"Bench2",6.30230568494034
"G150",3,3,"Bench2",4.14848622731546
"G091",4,3,"Bench2",2.23965633857985
"G072",5,3,"Bench2",1.18086374973143
"G211",6,3,"Bench2",1.25788640329289
"G071",7,3,"Bench2",2.43723245331164
"G119",8,3,"Bench2",4.67152875868399
"G016",1,4,"Bench2",7.97207653893465
"G220",2,4,"Bench2",5.83925534405194
"G151",3,4,"Bench2",3.53445449580289
"G213",4,4,"Bench2",1.58097356078936
"G060",5,4,"Bench2",0.492194415894409
"G208",6,4,"Bench2",0.553392074469434
"G095",7,4,"Bench2",1.82173468633414
"G126",8,4,"Bench2",4.34447271158948
"G093",1,5,"Bench2",7.86329407308394
"G234",2,5,"Bench2",5.34659051345038
"G185",3,5,"Bench2",2.85804789359351
"G227",4,5,"Bench2",0.846858170619245
"G229",5,5,"Bench2",-0.245032815972134
"G128",6,5,"Bench2",-0.142339931609699
"G146",7,5,"Bench2",1.26356125334812
"G216",8,5,"Bench2",4.07404905093726
"G200",1,6,"Bench2",7.7620170709495
"G085",2,6,"Bench2",4.83614928978505
"G101",3,6,"Bench2",2.12155797836086
"G214",4,6,"Bench2",0.0264311808140169
"G178",5,6,"Bench2",-1.04730466031357
"G002",6,6,"Bench2",-0.841739939169108
"G203",7,6,"Bench2",0.757018113411103
"G092",8,6,"Bench2",3.85660066499558
"G159",1,7,"Bench2",7.66957012772235
"G182",2,7,"Bench2",4.31815107864101
"G125",3,7,"Bench2",1.33151887724887
"G073",4,7,"Bench2",-0.882237120867964
"G033",5,7,"Bench2",-1.92221233944592
"G145",6,7,"Bench2",-1.55275212663969
"G109",7,7,"Bench2",0.296548244977782
"G134",8,7,"Bench2",3.68890872351103
"G140",1,8,"Bench2",7.57585650498647
"G161",2,8,"Bench2",3.7985343062079
"G139",3,8,"Bench2",0.503753501502606
"G064",4,8,"Bench2",-1.86065192604485
"G224",5,8,"Bench2",-2.85668131684721
"G221",6,8,"Bench2",-2.27250045175565
"G051",7,8,"Bench2",-0.122441552059768
"G087",8,8,"Bench2",3.56932983745352
"G165",1,9,"Bench2",7.46869581100935
"G168",2,9,"Bench2",3.28239668714636
"G053",3,9,"Bench2",-0.344070677116082
"G047",4,9,"Bench2",-2.88598030402675
"G188",5,9,"Bench2",-3.83257007905496
"G152",6,9,"Bench2",-2.99424674174219
"G215",7,9,"Bench2",-0.502585885702177
"G006",8,9,"Bench2",3.49687303223084
"G043",1,10,"Bench2",7.33202924142808
"G098",2,10,"Bench2",2.77288691485531
"G237",3,10,"Bench2",-1.1898880078551
"G198",4,10,"Bench2",-3.92337727746306
"G027",5,10,"Bench2",-4.81396228653804
"G187",6,10,"Bench2",-3.69191618926856
"G062",7,10,"Bench2",-0.831403901462176
"G081",8,10,"Bench2",3.47411001926401
"G217",1,11,"Bench2",7.14808299787958
"G026",2,11,"Bench2",2.2722161090356
"G232",3,11,"Bench2",-2.00943775316965
"G057",4,11,"Bench2",-4.93199594432114
"G194",5,11,"Bench2",-5.75611843834109
"G164",6,11,"Bench2",-4.32994543090916
"G077",7,11,"Bench2",-1.08909733946245
"G082",8,11,"Bench2",3.50526280022468
"G131",1,12,"Bench2",6.91048757479503
"G113",2,12,"Bench2",1.78408311007436
"G204",3,12,"Bench2",-2.7773706747773
"G011",4,12,"Bench2",-5.86763370548205
"G013",5,12,"Bench2",-6.61259345561611
"G186",6,12,"Bench2",-4.8770709993991
"G036",7,12,"Bench2",-1.26482101169411
"G014",8,12,"Bench2",3.58827428478173
"G069",1,13,"Bench2",6.6301207909887
"G084",2,13,"Bench2",1.31444439961873
"G046",3,13,"Bench2",-3.4667167179526
"G019",4,13,"Bench2",-6.68108297490269
"G102",5,13,"Bench2",-7.33446052424169
"G103",6,13,"Bench2",-5.30862753513313
"G138",7,13,"Bench2",-1.36133419289387
"G226",8,13,"Bench2",3.71158357732642
"G042",1,14,"Bench2",6.31848003945875
"G035",2,14,"Bench2",0.872815242650015
"G088",3,14,"Bench2",-4.04952514234439
"G157",4,14,"Bench2",-7.32627313674255
"G231",5,14,"Bench2",-7.87775064189945
"G166",6,14,"Bench2",-5.60384680231936
"G106",7,14,"Bench2",-1.38401800565584
"G104",8,14,"Bench2",3.85968948030062
"G179",1,15,"Bench2",5.98294558359111
"G116",2,15,"Bench2",0.485791329113809
"G037",3,15,"Bench2",-4.49355855212622
"G207",4,15,"Bench2",-7.77513239322079
"G121",5,15,"Bench2",-8.22465718614233
"G089",6,15,"Bench2",-5.75892907711642
"G009",7,15,"Bench2",-1.34581336662182
"G040",8,15,"Bench2",4.00112598598212
"G193",1,16,"Bench2",5.62921530938667
"G141",2,16,"Bench2",0.184051160104551
"G148",3,16,"Bench2",-4.76631093507421
"G097",4,16,"Bench2",-8.00576437289095
"G012",5,16,"Bench2",-8.3659228047482
"G001",6,16,"Bench2",-5.77596573925695
"G236",7,16,"Bench2",-1.26263854223657
"G083",8,16,"Bench2",4.09959316583231
"G137",1,17,"Bench2",5.2542095000475
"G160",2,17,"Bench2",-0.0319368270504489
"G209",3,17,"Bench2",-4.86024703670124
"G023",4,17,"Bench2",-8.00751929647805
"G063",5,17,"Bench2",-8.29881471500843
"G205",6,17,"Bench2",-5.66924204517013
"G031",7,17,"Bench2",-1.16395768409113
"G022",8,17,"Bench2",4.12361903004627
"G154",1,18,"Bench2",4.84607436155086
"G163",2,18,"Bench2",-0.191914101027965
"G054",3,18,"Bench2",-4.79280442310568
"G052",4,18,"Bench2",-7.78099632387262
"G044",5,18,"Bench2",-8.02712468557329
"G020",6,18,"Bench2",-5.46523314069793
"G008",7,18,"Bench2",-1.09277407198255
"G078",8,18,"Bench2",4.0465649747827
"G195",1,19,"Bench2",4.4004024643045
"G191",2,19,"Bench2",-0.321130824679722
"G056",3,19,"Bench2",-4.58649336279495
"G222",4,19,"Bench2",-7.33904709490818
"G066",5,19,"Bench2",-7.56314674779068
"G240",6,19,"Bench2",-5.1859810320119
"G067",7,19,"Bench2",-1.07757264193949
"G228",8,19,"Bench2",3.85106294615458
"G028",1,20,"Bench2",3.93756319445508
"G181",2,20,"Bench2",-0.426463784127249
"G219",3,20,"Bench2",-4.2764436073265
"G173",4,20,"Bench2",-6.73175692573251
"G111",5,20,"Bench2",-6.9451885264478
"G127",6,20,"Bench2",-4.837818336366
"G018",7,20,"Bench2",-1.09902142217193
"G184",8,20,"Bench2",3.54842301293694
"G238",1,21,"Bench2",3.48285288533451
"G122",2,21,"Bench2",-0.509976577198681
"G225",3,21,"Bench2",-3.8989045709702
"G041",4,21,"Bench2",-6.01558319897911
"G167",5,21,"Bench2",-6.21630180976809
"G076",6,21,"Bench2",-4.42400639938394
"G010",7,21,"Bench2",-1.12829961137755
"G034",8,21,"Bench2",3.15657866515654
"G048",1,22,"Bench2",3.06200783342096
"G099",2,22,"Bench2",-0.559442270016304
"G120",3,22,"Bench2",-3.47361358953993
"G032",4,22,"Bench2",-5.23521702710084
"G117",5,22,"Bench2",-5.41483744972233
"G024",6,22,"Bench2",-3.94816092109309
"G149",7,22,"Bench2",-1.13597470156717
"G005",8,22,"Bench2",2.70505998342894
"G143",1,23,"Bench2",2.7010039017301
"G235",2,23,"Bench2",-0.553182471628186
"G112",3,23,"Bench2",-3.00932077581679
"G080",4,23,"Bench2",-4.42746261575851
"G190",5,23,"Bench2",-4.57596244664252
"G050",6,23,"Bench2",-3.41414027978477
"G176",7,23,"Bench2",-1.09228168262803
"G180",8,23,"Bench2",2.23102492711858
"G136",1,24,"Bench2",2.41856438046349
"G065",2,24,"Bench2",-0.470622811085272
"G045",3,24,"Bench2",-2.5067181209961
"G021",4,24,"Bench2",-3.61529956100303
"G123",5,24,"Bench2",-3.72471218335289
"G017",6,24,"Bench2",-2.82694297208691
"G135",7,24,"Bench2",-0.977620843040726
"G142",8,24,"Bench2",1.76485824743721
"G086",1,25,"Bench2",2.21874255615609
"G206",2,25,"Bench2",-0.293761760785796
"G189",3,25,"Bench2",-1.95060424479925
"G105",4,25,"Bench2",-2.79404504186263
"G055",5,25,"Bench2",-2.86575545992402
"G090",6,25,"Bench2",-2.1938635322347
"G197",7,25,"Bench2",-0.792954017349207
"G015",8,25,"Bench2",1.32297716420822
"G192",1,26,"Bench2",2.10202003033813
"G114",2,26,"Bench2",-0.00835951264645311
"G172",3,26,"Bench2",-1.32572930629075
"G199",4,26,"Bench2",-1.95528227839173
"G162",5,26,"Bench2",-2.0004095798164
"G210",6,26,"Bench2",-1.52306149204234
"G058",7,26,"Bench2",-0.543747427157674
"G153",8,26,"Bench2",0.918824979679425
"G239",1,27,"Bench2",2.0561349775697
"G223",2,27,"Bench2",0.375430829548296
"G132",3,27,"Bench2",-0.630041725086801
"G030",4,27,"Bench2",-1.0877734387141
"G169",5,27,"Bench2",-1.12365787838592
"G177",6,27,"Bench2",-0.826853348652539
"G039",7,27,"Bench2",-0.249782891562167
"G096",8,27,"Bench2",0.556727636163159
"G075",1,28,"Bench2",2.06338216795162
"G156",2,28,"Bench2",0.836944573510082
"G115",3,28,"Bench2",0.132650467468524
"G129",4,28,"Bench2",-0.179348125384302
"G124",5,28,"Bench2",-0.22791296438801
"G059",6,28,"Bench2",-0.119222843834735
"G212",7,28,"Bench2",0.0632264070308719
"G110",8,28,"Bench2",0.23692517483579
"G003",1,29,"Bench2",2.10797694261432
"G004",2,29,"Bench2",1.35545058485385
"G100",3,29,"Bench2",0.95150614533506
"G218",4,29,"Bench2",0.770662223557621
"G118",5,29,"Bench2",0.687975574456783
"G029",6,29,"Bench2",0.590880527985656
"G068",7,29,"Bench2",0.379188989115218
"G079",8,29,"Bench2",-0.046748981747978
"G230",1,30,"Bench2",2.17670779299199
"G107",2,30,"Bench2",1.91018425763016
"G130",3,30,"Bench2",1.80639525558438
"G196",4,30,"Bench2",1.74768058653984
"G070",5,30,"Bench2",1.61661535439473
"G133",6,30,"Bench2",1.30118665994594
"G144",7,30,"Bench2",0.694793600889045
"G233",8,30,"Bench2",-0.308929420867367
"G183",1,1,"Bench3",15.2692865207137
"G222",2,1,"Bench3",13.1332772982977
"G094",3,1,"Bench3",11.628457921144
"G135",4,1,"Bench3",10.611590499037
"G142",5,1,"Bench3",9.93908321053361
"G060",6,1,"Bench3",9.45920381595761
"G058",7,1,"Bench3",9.01207965739985
"G165",8,1,"Bench3",8.43748414572362
"G136",1,2,"Bench3",14.5376870990147
"G159",2,2,"Bench3",11.8153576516545
"G118",3,2,"Bench3",9.88099557566036
"G064",4,2,"Bench3",8.58471393817156
"G114",5,2,"Bench3",7.78010498283353
"G131",6,2,"Bench3",7.40078201293609
"G025",7,2,"Bench3",7.46037939141351
"G160",8,2,"Bench3",7.97601065770631
"G189",1,3,"Bench3",13.7963880271417
"G140",2,3,"Bench3",10.501478248623
"G019",3,3,"Bench3",8.14759628785961
"G217",4,3,"Bench3",6.57395420237184
"G013",5,3,"Bench3",5.62756298228778
"G144",6,3,"Bench3",5.33480906771259
"G005",7,3,"Bench3",5.90145434872842
"G101",8,3,"Bench3",7.54105964802517
"G179",1,4,"Bench3",13.0518328109365
"G008",2,4,"Bench3",9.20445793554357
"G012",3,4,"Bench3",6.43422786934328
"G066",4,4,"Bench3",4.57733186932001
"G097",5,4,"Bench3",3.48202489576806
"G083",6,4,"Bench3",3.27407308510982
"G204",7,4,"Bench3",4.35675374989586
"G143",8,4,"Bench3",7.14540990598659
"G023",1,5,"Bench3",12.3300094533833
"G063",2,5,"Bench3",7.95560251624736
"G065",3,5,"Bench3",4.75028254833505
"G077",4,5,"Bench3",2.58410165748047
"G238",5,5,"Bench3",1.34192717432805
"G061",6,5,"Bench3",1.2493765541587
"G002",7,5,"Bench3",2.87281737688989
"G163",8,5,"Bench3",6.79343244524935
"G206",1,6,"Bench3",11.6716532161337
"G128",2,6,"Bench3",6.80013601017937
"G198",3,6,"Bench3",3.1077534954834
"G105",4,6,"Bench3",0.576975551537038
"G207",5,6,"Bench3",-0.795839229547141
"G115",6,6,"Bench3",-0.694891865365868
"G227",7,6,"Bench3",1.51505701677482
"G033",8,6,"Bench3",6.48313550219022
"G233",1,7,"Bench3",11.1168558820874
"G223",2,7,"Bench3",5.77474098725155
"G006",3,7,"Bench3",1.52287468565057
"G116",4,7,"Bench3",-1.442788841768
"G109",5,7,"Bench3",-2.91832934839939
"G055",6,7,"Bench3",-2.51660707752346
"G026",7,7,"Bench3",0.332737237695309
"G034",8,7,"Bench3",6.20802892974961
"G049",1,8,"Bench3",10.7033738556245
"G111",2,8,"Bench3",4.89548129782921
"G062",3,8,"Bench3",0.0215742358438213
"G201",4,8,"Bench3",-3.43051722935201
"G017",5,8,"Bench3",-4.97524967177434
"G164",6,8,"Bench3",-4.17967319034192
"G200",7,8,"Bench3",-0.663431408876174
"G146",8,8,"Bench3",5.95154537380573
"G117",1,9,"Bench3",10.4638336121879
"G108",2,9,"Bench3",4.17201010785898
"G071",3,9,"Bench3",-1.37004724192045
"G057",4,9,"Bench3",-5.33479570840542
"G035",5,9,"Bench3",-6.91053878296934
"G075",6,9,"Bench3",-5.65004301970863
"G137",7,9,"Bench3",-1.47053803544277
"G123",8,9,"Bench3",5.69490033289041
"G003",1,10,"Bench3",10.3910494253677
"G087",2,10,"Bench3",3.58500433995833
"G119",3,10,"Bench3",-2.63583671544328
"G032",4,10,"Bench3",-7.09926464686608
"G185",5,10,"Bench3",-8.66412747655717
"G234",6,10,"Bench3",-6.90358689978202
"G074",7,10,"Bench3",-2.10511828482442
"G126",8,10,"Bench3",5.41274588381362
"G042",1,11,"Bench3",10.4580085362954
"G224",2,11,"Bench3",3.10083906647279
"G240",3,11,"Bench3",-3.76467802808033
"G076",4,11,"Bench3",-8.66545403764101
"G121",5,11,"Bench3",-10.1743592273698
"G208",6,11,"Bench3",-7.92132028474869
"G175",7,11,"Bench3",-2.5933203195808
"G021",8,11,"Bench3",5.0766985834471
"G186",1,12,"Bench3",10.6302450787728
"G214",2,12,"Bench3",2.68767679152296
"G147",3,12,"Bench3",-4.75195864789902
"G184",4,12,"Bench3",-9.99372683874071
"G091",5,12,"Bench3",-11.4017206445088
"G040",6,12,"Bench3",-8.69766000666869
"G190",7,12,"Bench3",-2.9608919446449
"G158",8,12,"Bench3",4.6702092578791
"G193",1,13,"Bench3",10.862246861878
"G188",2,13,"Bench3",2.31653425126874
"G218",3,13,"Bench3",-5.60283710038696
"G149",4,13,"Bench3",-11.0729203461546
"G051",5,13,"Bench3",-12.3401678368274
"G177",6,13,"Bench3",-9.24721347093301
"G173",7,13,"Bench3",-3.23287269473353
"G047",8,13,"Bench3",4.19463984778126
"G090",1,14,"Bench3",11.1090926756997
"G157",2,14,"Bench3",1.96302537115187
"G130",3,14,"Bench3",-6.32087748951156
"G086",4,14,"Bench3",-11.8955826185313
"G098",5,14,"Bench3",-12.9903919634773
"G132",6,14,"Bench3",-9.5903178844953
"G068",7,14,"Bench3",-3.43608315430667
"G181",8,14,"Bench3",3.6552542190379
"G037",1,15,"Bench3",11.3335027731947
"G016",2,15,"Bench3",1.62485449490242
"G195",3,15,"Bench3",-6.89745513900369
"G202",4,15,"Bench3",-12.4610824685803
"G199",5,15,"Bench3",-13.373125684874
"G239",6,15,"Bench3",-9.76784555169537
"G225",7,15,"Bench3",-3.60666540561907
"G028",8,15,"Bench3",3.06954956579036
"G236",1,16,"Bench3",11.501204760257
"G220",2,16,"Bench3",1.3074364794236
"G099",3,16,"Bench3",-7.319621051577
"G127",4,16,"Bench3",-12.7706574037673
"G154",5,16,"Bench3",-13.5148270029451
"G100",6,16,"Bench3",-9.82597593474162
"G203",7,16,"Bench3",-3.78264194462137
"G036",8,16,"Bench3",2.45817236717578
"G113",1,17,"Bench3",11.5915687544215
"G141",2,17,"Bench3",1.03300820301025
"G001",3,17,"Bench3",-7.56353648411167
"G092",4,17,"Bench3",-12.8189619765485
"G082",5,17,"Bench3",-13.4280054258186
"G134",6,17,"Bench3",-9.78373506746199
"G104",7,17,"Bench3",-3.97755022104073
"G122",8,17,"Bench3",1.82530931196919
"G096",1,18,"Bench3",11.5976051636488
"G162",2,18,"Bench3",0.840622936274059
"G216",3,18,"Bench3",-7.59447737538225
"G085",4,18,"Bench3",-12.5940689699465
"G067",5,18,"Bench3",-13.1112203715001
"G020",6,18,"Bench3",-9.63299258958793
"G230",7,18,"Bench3",-4.18043911921872
"G161",8,18,"Bench3",1.1586912191439
"G048",1,19,"Bench3",11.5095803721484
"G078",2,19,"Bench3",0.762469142592304
"G079",3,19,"Bench3",-7.3848600248515
"G103",4,19,"Bench3",-12.0889896615019
"G229",5,19,"Bench3",-12.5646232514589
"G120",6,19,"Bench3",-9.36324619279284
"G213",7,19,"Bench3",-4.37312579754409
"G007",8,19,"Bench3",0.459349669465702
"G080",1,20,"Bench3",11.3071981889101
"G155",2,20,"Bench3",0.806692455496149
"G166",3,20,"Bench3",-6.93119952492516
"G018",4,20,"Bench3",-11.3132724959182
"G151",5,20,"Bench3",-11.7953242628666
"G180",6,20,"Bench3",-8.96022305300007
"G084",7,20,"Bench3",-4.51790751539423
"G039",8,20,"Bench3",-0.227319360944098
"G232",1,21,"Bench3",10.9696799005731
"G081",2,21,"Bench3",0.973908236285042
"G014",3,21,"Bench3",-6.23792845696915
"G211",4,21,"Bench3",-10.2816695887931
"G045",5,21,"Bench3",-10.8132578799732
"G059",6,21,"Bench3",-8.41101220849929
"G209",7,21,"Bench3",-4.57562760956456
"G148",8,21,"Bench3",-0.847902429545071
"G107",1,22,"Bench3",10.4955425003337
"G089",2,22,"Bench3",1.23119677103809
"G031",3,22,"Bench3",-5.34754450579351
"G215",4,22,"Bench3",-9.03229050122106
"G015",5,22,"Bench3",-9.64582934193863
"G043",6,22,"Bench3",-7.72806513422521
"G022",7,22,"Bench3",-4.53601796394483
"G052",8,22,"Bench3",-1.35788687259561
"G011",1,23,"Bench3",9.8961328272657
"G196",2,23,"Bench3",1.52363195197507
"G053",3,23,"Bench3",-4.32761583644293
"G221",4,23,"Bench3",-7.61870332901657
"G044",5,23,"Bench3",-8.33205127022638
"G024",6,23,"Bench3",-6.94062333395376
"G187",7,23,"Bench3",-4.40792612348095
"G169",8,23,"Bench3",-1.71879419554244
"G168",1,24,"Bench3",9.19086398957108
"G235",2,24,"Bench3",1.82316689237777
"G041",3,24,"Bench3",-3.2280313076475
"G210",4,24,"Bench3",-6.09413342636045
"G156",5,24,"Bench3",-6.91696943014232
"G027",6,24,"Bench3",-6.07819374746222
"G191",7,24,"Bench3",-4.19928526887708
"G125",8,24,"Bench3",-1.91215003546938
"G010",1,25,"Bench3",8.41499245271696
"G050",2,25,"Bench3",2.15688612858111
"G139",3,25,"Bench3",-2.0620357855748
"G170",4,25,"Bench3",-4.51055551311116
"G030",5,25,"Bench3",-5.45740701038408
"G073",6,25,"Bench3",-5.17021409265071
"G070",7,25,"Bench3",-3.91549043406936
"G194",8,25,"Bench3",-1.959701441794
"G054",1,26,"Bench3",7.60507700624181
"G046",2,26,"Bench3",2.56015280643321
"G145",3,26,"Bench3",-0.835489660371745
"G152",4,26,"Bench3",-2.91628393369331
"G056",5,26,"Bench3",-4.00823699479747
"G176",6,26,"Bench3",-4.24354498510231
"G150",7,26,"Bench3",-3.56059320617801
"G009",8,26,"Bench3",-1.8893404013405
"G171",1,27,"Bench3",6.79338212143509
"G226",2,27,"Bench3",3.07986629433484
"G228",3,27,"Bench3",0.466714674405188
"G174",4,27,"Bench3",-1.33482985383376
"G133",5,27,"Bench3",-2.60051577488138
"G124",6,27,"Bench3",-3.30689306068506
"G197",7,27,"Bench3",-3.1313131706403
"G106",8,27,"Bench3",-1.73811893316206
"G072",1,28,"Bench3",6.00988866775511
"G231",2,28,"Bench3",3.76670823841803
"G219",3,28,"Bench3",1.86807926119605
"G095",4,28,"Bench3",0.221205773009671
"G038",5,28,"Bench3",-1.25458586621552
"G110",6,28,"Bench3",-2.36115586743664
"G153",7,28,"Bench3",-2.6215510124935
"G178",8,28,"Bench3",-1.54669576022085
"G192",1,29,"Bench3",5.26695992192245
"G112",2,29,"Bench3",4.62305319483885
"G172",3,29,"Bench3",3.36609303251099
"G205",4,29,"Bench3",1.74830790364675
"G138",5,29,"Bench3",0.0275956814457659
"G088",6,29,"Bench3",-1.40774945758237
"G182",7,29,"Bench3",-2.03903703361809
"G237",8,29,"Bench3",-1.34190716235005
"G069",1,30,"Bench3",4.55362646404117
"G004",2,30,"Bench3",5.58724578744081
"G212",3,30,"Bench3",4.92373213953465
"G129",4,30,"Bench3",3.25494432780046
"G029",5,30,"Bench3",1.26837823675071
"G167",6,30,"Bench3",-0.448817477304526
"G093",7,30,"Bench3",-1.40984138625751
"G102",8,30,"Bench3",-1.13225498496583
"G174",1,1,"Bench4",22.5366786979046
"G207",2,1,"Bench4",19.8619929966298
"G094",3,1,"Bench4",18.0683853285309
"G076",4,1,"Bench4",16.2052917630032
"G204",5,1,"Bench4",13.3817784337005
"G009",6,1,"Bench4",10.0784029522195
"G098",7,1,"Bench4",8.14721440809957
"G149",8,1,"Bench4",9.49989195513877
"G054",1,2,"Bench4",21.5275567509725
"G025",2,2,"Bench4",17.7433607366134
"G026",3,2,"Bench4",15.3637825931704
"G119",4,2,"Bench4",13.3192799700193
"G001",5,2,"Bench4",10.6050762754255
"G239",6,2,"Bench4",7.7060073721121
"G153",7,2,"Bench4",6.59652157725985
"G134",8,2,"Bench4",9.31583296693891
"G005",1,3,"Bench4",20.502804529428
"G037",2,3,"Bench4",15.7145371833348
"G205",3,3,"Bench4",12.7074445392446
"G215",4,3,"Bench4",10.3997432609855
"G133",5,3,"Bench4",7.77549713468437
"G046",6,3,"Bench4",5.3332537593319
"G096",7,3,"Bench4",5.08604454678319
"G060",8,3,"Bench4",9.1127480311918
"G127",1,4,"Bench4",19.442786333859
"G090",2,4,"Bench4",13.8053698382362
"G143",3,4,"Bench4",10.1127197617462
"G154",4,4,"Bench4",7.42585708219696
"G058",5,4,"Bench4",4.86679388272867
"G197",6,4,"Bench4",2.96033766911931
"G029",7,4,"Bench4",3.63409136978481
"G105",8,4,"Bench4",8.87664901847316
"G126",1,5,"Bench4",18.3717875646822
"G179",2,5,"Bench4",12.046212031567
"G148",3,5,"Bench4",7.5850396323422
"G039",4,5,"Bench4",4.38168964109773
"G139",5,5,"Bench4",1.87797709624133
"G024",6,5,"Bench4",0.628819615492974
"G115",7,5,"Bench4",2.30223739588486
"G237",8,5,"Bench4",8.6146463987671
"G033",1,6,"Bench4",17.3472738084935
"G189",2,6,"Bench4",10.4678466321676
"G209",3,6,"Bench4",5.12393892562229
"G117",4,6,"Bench4",1.25508623958033
"G063",5,6,"Bench4",-1.17285276170871
"G113",6,6,"Bench4",-1.58858780288231
"G083",7,6,"Bench4",1.18460300253507
"G036",8,6,"Bench4",8.34976465454565
"G203",1,7,"Bench4",16.4353759684197
"G183",2,7,"Bench4",9.11325768927556
"G044",3,7,"Bench4",2.74895061211598
"G227",4,7,"Bench4",-1.94450342316876
"G198",5,7,"Bench4",-4.2603256018393
"G108",6,7,"Bench4",-3.63578668762672
"G027",7,7,"Bench4",0.347792977267386
"G010",8,7,"Bench4",8.10283002549054
"G155",1,8,"Bench4",15.7204423522089
"G032",2,8,"Bench4",8.05372286673378
"G210",3,8,"Bench4",0.526358789737209
"G053",4,8,"Bench4",-5.15770289463142
"G091",5,8,"Bench4",-7.34328883405427
"G007",6,8,"Bench4",-5.49701920833971
"G123",7,8,"Bench4",-0.207307729422343
"G067",8,8,"Bench4",7.88865825893164
"G219",1,9,"Bench4",15.2798469524577
"G073",2,9,"Bench4",7.34756302637991
"G012",3,9,"Bench4",-1.4772354232938
"G008",4,9,"Bench4",-8.31134651382733
"G062",5,9,"Bench4",-10.3712962275777
"G235",6,9,"Bench4",-7.16735144404369
"G199",7,9,"Bench4",-0.503519939865844
"G160",8,9,"Bench4",7.71646264322215
"G135",1,10,"Bench4",15.1117284533395
"G013",2,10,"Bench4",6.91241142273521
"G208",3,10,"Bench4",-3.2474750650799
"G082",4,10,"Bench4",-11.2764868284405
"G236",5,10,"Bench4",-13.2353343759922
"G231",6,10,"Bench4",-8.68428609353543
"G080",7,10,"Bench4",-0.683168244025526
"G129",8,10,"Bench4",7.55603821927125
"G015",1,11,"Bench4",15.1748173554035
"G125",2,11,"Bench4",6.59715544455135
"G089",3,11,"Bench4",-4.79579211703564
"G188",4,11,"Bench4",-13.8975948413937
"G158",5,11,"Bench4",-15.7982583183331
"G166",6,11,"Bench4",-10.105817926466
"G030",7,11,"Bench4",-0.946338833206813
"G095",8,11,"Bench4",7.3576777162563
"G131",1,12,"Bench4",15.4159301445807
"G178",2,12,"Bench4",6.29821778049275
"G100",3,12,"Bench4",-6.13054778923494
"G171",4,12,"Bench4",-16.0758507481134
"G059",5,12,"Bench4",-17.9699868961045
"G068",6,12,"Bench4",-11.4619192115333
"G226",7,12,"Bench4",-1.41727785108876
"G064",8,12,"Bench4",7.07149541208966
"G193",1,13,"Bench4",15.7643084344164
"G092",2,13,"Bench4",5.98457412644232
"G222",3,13,"Bench4",-7.25518666593438
"G072",4,13,"Bench4",-17.7983933664896
"G224",5,13,"Bench4",-19.7318426189026
"G021",6,13,"Bench4",-12.7400071246343
"G031",7,13,"Bench4",-2.10503564292639
"G122",8,13,"Bench4",6.64754584707548
"G184",1,14,"Bench4",16.1503406830282
"G077",2,14,"Bench4",5.63676846341566
"G233",3,14,"Bench4",-8.1727539887346
"G120",4,14,"Bench4",-19.0647835274599
"G211",5,14,"Bench4",-21.0729866650567
"G038",6,14,"Bench4",-13.9145520537843
"G078",7,14,"Bench4",-2.99019048586475
"G020",8,14,"Bench4",6.05227758822087
"G114",1,15,"Bench4",16.5176196752992
"G079",2,15,"Bench4",5.26343052997126
"G011",3,15,"Bench4",-8.8863402472375
"G085",4,15,"Bench4",-19.9013532580247
"G212",5,15,"Bench4",-21.9922537606605
"G146",6,15,"Bench4",-14.9123341145776
"G213",7,15,"Bench4",-3.95753378037199
"G107",8,15,"Bench4",5.33522312478806
"G047",1,16,"Bench4",16.8133034175714
"G006",2,16,"Bench4",4.88103454823969
"G187",3,16,"Bench4",-9.39883767221075
"G028",4,16,"Bench4",-20.3415950426679
"G074",5,16,"Bench4",-22.4910356443546
"G035",6,16,"Bench4",-15.6468320521905
"G176",7,16,"Bench4",-4.86453133479278
"G145",8,16,"Bench4",4.57180315688681
"G049",1,17,"Bench4",16.9706009145008
"G075",2,17,"Bench4",4.48239301414903
"G157",3,17,"Bench4",-9.7082497471326
"G084",4,17,"Bench4",-20.389159286173
"G045",5,17,"Bench4",-22.559242614894
"G130",6,17,"Bench4",-16.0721339323547
"G151",7,17,"Bench4",-5.63619462475154
"G140",8,17,"Bench4",3.82913882662619
"G061",1,18,"Bench4",16.9087807161356
"G102",2,18,"Bench4",4.03665862132576
"G191",3,18,"Bench4",-9.80768914621298
"G181",4,18,"Bench4",-20.0178515695655
"G141",5,18,"Bench4",-22.1753054936794
"G221",6,18,"Bench4",-16.1829485863439
"G164",7,18,"Bench4",-6.26509933818974
"G175",8,18,"Bench4",3.16603589828946
"G173",1,19,"Bench4",16.5728074790429
"G228",2,19,"Bench4",3.5258100888287
"G002",3,19,"Bench4",-9.68473121875707
"G124",4,19,"Bench4",-19.2015327635081
"G104",5,19,"Bench4",-21.3252936818211
"G168",6,19,"Bench4",-15.9903178919599
"G041",7,19,"Bench4",-6.76451409405524
"G088",8,19,"Bench4",2.62622619515898
"G023",1,20,"Bench4",15.9908980196983
"G218",2,20,"Bench4",2.97567927951979
"G196",3,20,"Bench4",-9.31009755381944
"G116",4,20,"Bench4",-17.9183459285065
"G217",5,20,"Bench4",-20.021034110726
"G180",6,20,"Bench4",-15.5513911806063
"G065",7,20,"Bench4",-7.20390703221918
"G019",8,20,"Bench4",2.20687362236574
"G185",1,21,"Bench4",15.2118057503985
"G016",2,21,"Bench4",2.42554531477923
"G086",3,21,"Bench4",-8.65192309548295
"G192",4,21,"Bench4",-16.1527752994799
"G093",5,21,"Bench4",-18.2822811261531
"G147",6,21,"Bench4",-14.9268726309876
"G159",7,21,"Bench4",-7.65414409601232
"G225",8,21,"Bench4",1.89521618689446
"G150",1,22,"Bench4",14.3337112492015
"G087",2,22,"Bench4",1.97238988954568
"G050",3,22,"Bench4",-7.68725333463886
"G057",4,22,"Bench4",-13.9554901034782
"G216",5,22,"Bench4",-16.1630310059298
"G144",6,22,"Bench4",-14.1106815340758
"G137",7,22,"Bench4",-8.06934208312241
"G138",8,22,"Bench4",1.66964804289242
"G004",1,23,"Bench4",13.4873623892414
"G162",2,23,"Bench4",1.75102845808144
"G110",3,23,"Bench4",-6.39935006492346
"G240",4,23,"Bench4",-11.4211590420799
"G177",5,23,"Bench4",-13.7400839925398
"G132",6,23,"Bench4",-13.0527025428964
"G043",7,23,"Bench4",-8.32648442718404
"G206",8,23,"Bench4",1.50280096371747
"G167",1,24,"Bench4",12.7824489158061
"G101",2,24,"Bench4",1.84555684745745
"G232",3,24,"Bench4",-4.81614229222604
"G238",4,24,"Bench4",-8.67108304683395
"G017",5,24,"Bench4",-11.1096471219002
"G128",6,24,"Bench4",-11.7270009476797
"G152",7,24,"Bench4",-8.32309567914816
"G136",8,24,"Bench4",1.38017036677432
"G106",1,25,"Bench4",12.284915664598
"G165",2,25,"Bench4",2.23617407117176
"G066",3,25,"Bench4",-3.05563124558028
"G121",4,25,"Bench4",-5.87881357270691
"G182",5,25,"Bench4",-8.40633621862399
"G194",6,25,"Bench4",-10.1581129831894
"G234",7,25,"Bench4",-8.00100815770327
"G214",8,25,"Bench4",1.31346394516739
"G156",1,26,"Bench4",12.0425413779996
"G051",2,26,"Bench4",2.88302119378086
"G161",3,26,"Bench4",-1.24373427442554
"G055",4,26,"Bench4",-3.21298331811293
"G040",5,26,"Bench4",-5.75906494663323
"G109",6,26,"Bench4",-8.37517468008639
"G170",7,26,"Bench4",-7.31336454932041
"G163",8,26,"Bench4",1.31523269695814
"G069",1,27,"Bench4",12.0119905138216
"G112",2,27,"Bench4",3.69300270259508
"G022",3,27,"Bench4",0.514425501303833
"G111",4,27,"Bench4",-0.762946936453586
"G003",5,27,"Bench4",-3.22372523480223
"G034",6,27,"Bench4",-6.39682990551018
"G200",7,27,"Bench4",-6.25549134798863
"G190",8,27,"Bench4",1.38165526062764
"G220",1,28,"Bench4",12.1112162955557
"G169",2,28,"Bench4",4.55131851874554
"G070",3,28,"Bench4",2.12435582003656
"G048",4,28,"Bench4",1.41769575669076
"G018",5,28,"Bench4",-0.823975626802565
"G099",6,28,"Bench4",-4.23764707972666
"G172",7,28,"Bench4",-4.84198214513729
"G071",8,28,"Bench4",1.50167412113702
"G230",1,29,"Bench4",12.280383883362
"G195",2,29,"Bench4",5.39329566949038
"G118",3,29,"Bench4",3.55951605587274
"G223",4,29,"Bench4",3.34027125423354
"G042",5,29,"Bench4",1.44787689482986
"G081",6,29,"Bench4",-1.93029476583235
"G201",7,29,"Bench4",-3.13181484499823
"G097",8,29,"Bench4",1.65683495861975
"G103",1,30,"Bench4",12.4892917802109
"G056",2,30,"Bench4",6.22079580413754
"G014",3,30,"Bench4",4.88335109915557
"G186",4,30,"Bench4",5.10195236737585
"G202",5,30,"Bench4",3.64090104127756
"G052",6,30,"Bench4",0.468553351810962
"G142",7,30,"Bench4",-1.24267967160253
"G229",8,30,"Bench4",1.8189197308268
